{"cameraMode":{"drawMode":0,"name":"Shaded","section":"Shading Mode"},"sceneLighting":true,"audioPlay":false,"sceneViewState":{"m_AlwaysRefresh":false,"showFog":true,"showSkybox":true,"showFlares":true,"showImageEffects":true,"showParticleSystems":true,"showVisualEffectGraphs":true,"m_FxEnabled":true},"in2DMode":false,"pivot":{"x":-0.18934416770935059,"y":-1.724431037902832,"z":12.578847885131836},"rotation":{"x":0.21875695884227754,"y":0.048282165080308917,"z":-0.010819950141012669,"w":0.9745491743087769},"size":13.311408996582032,"orthographic":false}